{
    "audioSettings": {
        "samplerate": "44100",
        "bitdepth": "16",
        "chunksize": 1024,
        "loadstate": true
    },
    "pathSettings": {
        "vstpath": "C:\\VstPlugins\\",
        "outpath": "",
        "statespath": ""
    },
    "pluginSettings": {
        "Pianoteq 6 (64-bit)": {
            "Condition": 0.02500000037252903,
            "Dynamics": 0.35353535413742065,
            "Pitch Bend": 0.5,
            "Unison Width": 0.5142579078674316,
            "Stereo Width": 0.8026143908500671,
            "Hammer Noise": 0.16071462631225586,
            "Sustain Pedal": 0.0,
            "Soft Pedal": 0.0,
            "Sostenuto Pedal": 0.0,
            "Harmonic Pedal": 0.0,
            "Rattle Pedal": 0.0,
            "Buff Stop Pedal": 0.0,
            "Celeste Pedal": 0.0,
            "Super Sostenuto": 0.0,
            "Pinch Harmonic Pedal": 0.0,
            "Glissando Pedal": 0.0,
            "Harpsichord Register 1": 1.0,
            "Harpsichord Register 2": 0.0,
            "Harpsichord Register 3": 0.0,
            "Reversed Sustain": 0.0,
            "Volume": 0.7272727489471436,
            "Diapason": 0.3333333432674408,
            "Octave Stretching": 0.23108820617198944,
            "Unison Balance": 0.5,
            "Direct Sound Duration": 0.5,
            "Hammer Hard. Piano": 0.16500000655651093,
            "Hammer Hard. Mezzo": 0.375,
            "Hammer Hard. Forte": 0.6499999761581421,
            "Spectrum Profile 1": 0.5,
            "Spectrum Profile 2": 0.5,
            "Spectrum Profile 3": 0.5,
            "Spectrum Profile 4": 0.5,
            "Spectrum Profile 5": 0.5,
            "Spectrum Profile 6": 0.5005263090133667,
            "Spectrum Profile 7": 0.5,
            "Spectrum Profile 8": 0.5,
            "Strike Point": 0.5572429895401001,
            "Pinch Harmonic Point": 1.0,
            "Pickup Symmetry": 0.0,
            "Pickup Distance": 0.444444477558136,
            "Soft Level": 0.30000001192092896,
            "Impedance": 0.5355148911476135,
            "Cutoff": 0.5355149507522583,
            "Q Factor": 0.4999999701976776,
            "String Length": 0.5,
            "Sympathetic Resonance": 0.5598621964454651,
            "Duplex Scale Resonance": 0.5111737251281738,
            "Quadratic Effect": 0.4999999701976776,
            "Bounce Switch": 0.0,
            "Bounce Delay": 0.4583333432674408,
            "Bounce Sync": 0.0,
            "Bounce Sync Speed": 0.5652173757553101,
            "Bounce Velocity Sensitivity": 0.5,
            "Bounce Delay Loss": 0.5,
            "Bounce Velocity Loss": 0.5,
            "Bounce Humanization": 0.5,
            "Eff 1 Switch": 1.0,
            "Eff 1 DelMix": 0.10000000149011612,
            "Eff 1 DelTime": 0.2283361405134201,
            "Eff 1 DelFb": 0.0,
            "Eff 1 DelTone": 0.25,
            "Eff 1 DelPol": 1.0,
            "Eff 1 Param 6": 0.0,
            "Eff 1 Param 7": 0.0,
            "Eff 1 Param 8": 0.0,
            "Eff 2 Switch": 1.0,
            "Eff 2 PEQ1F": 0.14516213536262512,
            "Eff 2 PEQ1G": 0.5,
            "Eff 2 PEQ1Q": 0.4247424900531769,
            "Eff 2 PEQ2F": 0.3192083239555359,
            "Eff 2 PEQ2G": 0.46000000834465027,
            "Eff 2 PEQ2Q": 0.4247424900531769,
            "Eff 2 PEQ3F": 0.7649191617965698,
            "Eff 2 PEQ3G": 0.6200000047683716,
            "Eff 3 Switch": 1.0,
            "Eff 3 PEQ1F": 0.14516213536262512,
            "Eff 3 PEQ1G": 0.5,
            "Eff 3 PEQ1Q": 0.4999999701976776,
            "Eff 3 PEQ2F": 0.7295679450035095,
            "Eff 3 PEQ2G": 0.6000000238418579,
            "Eff 3 PEQ2Q": 0.36928030848503113,
            "Eff 3 PEQ3F": 0.8747300505638123,
            "Eff 3 PEQ3G": 0.5,
            "Reverb Switch": 1.0,
            "Reverb Duration": 0.6884116530418396,
            "Reverb Mix": 0.6052631735801697,
            "Room Dimensions": 0.4338889718055725,
            "Reverb Pre-delay": 0.0,
            "Reverb Early Reflections": 0.0,
            "Reverb Tone": 0.0,
            "Reverb Envelope": 1.0,
            "Reverb Resampling": 0.5,
            "Limiter Switch": 1.0,
            "Limiter Sharpness": 0.5,
            "Limiter Threshold": 0.5199999809265137,
            "Limiter Gain": 0.8333333134651184,
            "Damper Noise": 0.4999999701976776,
            "Damper Position": 0.6698658466339111,
            "Last Damper": 0.7109375,
            "Pedal Noise": 0.4548616111278534,
            "Key Release Noise": 0.5,
            "Damping Duration": 0.5,
            "Lid Position": 1.0,
            "Output Mode": 0.6666666865348816,
            "Mic Level Compensation": 1.0,
            "Mic Delay Compensation": 1.0,
            "Head X position": 0.5349999666213989,
            "Head Y position": 0.5,
            "Head Z position": 0.37142854928970337,
            "Head Diameter": 0.20000000298023224,
            "Head Angle": 0.5,
            "Mic 1 Mic Switch": 1.0,
            "Mic 1 X position": 0.527649998664856,
            "Mic 1 Y position": 0.5954999923706055,
            "Mic 1 Z position": 0.37285712361335754,
            "Mic 1 Azimuth": 0.5594444274902344,
            "Mic 1 Elevation": 0.5,
            "Mic 1 Level 1": 0.8374999761581421,
            "Mic 1 Delay 1": 0.5,
            "Mic 1 Level 2": 0.512499988079071,
            "Mic 1 Delay 2": 0.6875,
            "Mic 1 Level 3": 0.0,
            "Mic 1 Delay 3": 0.5,
            "Mic 1 Level 4": 0.0,
            "Mic 1 Delay 4": 0.5,
            "Mic 1 Level 5": 0.0,
            "Mic 1 Delay 5": 0.5,
            "Mic 2 Mic Switch": 1.0,
            "Mic 2 X position": 0.5555999875068665,
            "Mic 2 Y position": 0.5743333697319031,
            "Mic 2 Z position": 0.36314287781715393,
            "Mic 2 Azimuth": 0.7975000143051147,
            "Mic 2 Elevation": 0.5,
            "Mic 2 Level 1": 0.512499988079071,
            "Mic 2 Delay 1": 0.75,
            "Mic 2 Level 2": 0.7833333611488342,
            "Mic 2 Delay 2": 0.5018749833106995,
            "Mic 2 Level 3": 0.0,
            "Mic 2 Delay 3": 0.5,
            "Mic 2 Level 4": 0.0,
            "Mic 2 Delay 4": 0.5,
            "Mic 2 Level 5": 0.0,
            "Mic 2 Delay 5": 0.5,
            "Mic 3 Mic Switch": 1.0,
            "Mic 3 X position": 0.6474509835243225,
            "Mic 3 Y position": 0.5091503262519836,
            "Mic 3 Z position": 0.847058892250061,
            "Mic 3 Azimuth": 0.6555653810501099,
            "Mic 3 Elevation": 1.0,
            "Mic 3 Level 1": 0.4312500059604645,
            "Mic 3 Delay 1": 0.5,
            "Mic 3 Level 2": 0.7020833492279053,
            "Mic 3 Delay 2": 0.5,
            "Mic 3 Level 3": 0.0,
            "Mic 3 Delay 3": 0.5,
            "Mic 3 Level 4": 0.0,
            "Mic 3 Delay 4": 0.5,
            "Mic 3 Level 5": 0.0,
            "Mic 3 Delay 5": 0.5,
            "Mic 4 Mic Switch": 1.0,
            "Mic 4 X position": 0.4498039186000824,
            "Mic 4 Y position": 0.741830050945282,
            "Mic 4 Z position": 0.8112045526504517,
            "Mic 4 Azimuth": 0.15449903905391693,
            "Mic 4 Elevation": 0.39198753237724304,
            "Mic 4 Level 1": 0.59375,
            "Mic 4 Delay 1": 0.5,
            "Mic 4 Level 2": 0.25,
            "Mic 4 Delay 2": 0.5,
            "Mic 4 Level 3": 0.0,
            "Mic 4 Delay 3": 0.5,
            "Mic 4 Level 4": 0.0,
            "Mic 4 Delay 4": 0.5,
            "Mic 4 Level 5": 0.0,
            "Mic 4 Delay 5": 0.5,
            "Mic 5 Mic Switch": 1.0,
            "Mic 5 X position": 0.5384313464164734,
            "Mic 5 Y position": 0.628104567527771,
            "Mic 5 Z position": 0.3764706254005432,
            "Mic 5 Azimuth": 0.3716142475605011,
            "Mic 5 Elevation": 1.0,
            "Mic 5 Level 1": 0.4312500059604645,
            "Mic 5 Delay 1": 0.5,
            "Mic 5 Level 2": 0.4312500059604645,